<scene>
    <instance name="sphere" path="models/sphere"></instance>
    <instance name="box" path="models/box"></instance>
    <instance name="cylinder" path="models/cylinder"></instance>
    <instance name="cone" path="models/cone"></instance>
    <transform>
        <set>
            <scale>50 5 50</scale>
        </set>
        <object instanceof="box">
            <material>
                <color>0.5 0.5 0.5</color>
            </material>
        </object>
    </transform>
    <transform>
        <set>
            <translate>-25 25 0</translate>
        </set>
        <group name="joker">
            <transform name="face">
                <set>
                    <scale>20 25 20</scale>
                </set>
                <object instanceof="sphere">
                    <material>
                        <color>1 1 0.8</color>
                    </material>
                </object>
            </transform>
            <transform name="lefteye">
                <set>
                    <translate>7 15 12</translate>
                    <scale>3 4 3</scale>
                </set>
                <object instanceof="sphere">
                    <material>
                        <color>1 0 0</color>
                    </material>
                </object>
            </transform>
            <transform name="righteye">
                <set>
                    <translate>-7 15 12</translate>
                    <scale>3 4 3</scale>
                </set>
                <object instanceof="sphere">
                    <material>
                        <color>0 0 0</color>
                    </material>
                </object>
            </transform>
            <transform name="nose">
                <set>
                    <translate>0 10 10</translate>
                    <rotate>90 1 0 0</rotate>
                    <scale>5 20 5</scale>
                </set>
                <object instanceof="cylinder">
                    <material>
                        <color>1 0 0</color>
                    </material>
                </object>
            </transform>
            <transform name="hat">
                <set>
                    <translate>0 20 0</translate>
                    <scale>10 25 10</scale>
                </set>
                <object instanceof="cone">
                    <material>
                        <color>1 0 1</color>
                    </material>
                </object>
            </transform>
        </group>
    </transform>
    <transform>
        <set>
            <translate>25 25 0</translate>
            <scale>0.5 0.5 0.5</scale>
        </set>
        <group name="secondjoker" copyof="joker">
        </group>
    </transform>
</scene>
